{
  "mae": 1.0106298923492432,
  "rmse": 1.5709497477788354,
  "r2": 0.9802218675613403,
  "correlation": 0.9931949812090607,
  "bias": 0.6665449142456055,
  "n_test_samples": 2945
}