{
  "mae": 1.286581039428711,
  "rmse": 2.162021376723793,
  "r2": 0.9646299481391907,
  "correlation": 0.9868823890219125,
  "bias": 0.8076214790344238,
  "n_test_samples": 2380
}