{
  "mae": 1.1317822933197021,
  "rmse": 1.8109229889519523,
  "r2": 0.9711567759513855,
  "correlation": 0.9906404822864749,
  "bias": 0.821783721446991,
  "n_test_samples": 3095
}