{
  "mae": 1.1529014110565186,
  "rmse": 1.7803361121030223,
  "r2": 0.972122848033905,
  "correlation": 0.9898292378575352,
  "bias": 0.7420912981033325,
  "n_test_samples": 3095
}