{
  "mae": 1.2443841695785522,
  "rmse": 1.961698285736332,
  "r2": 0.956590473651886,
  "correlation": 0.9840793546202905,
  "bias": 0.7221249341964722,
  "n_test_samples": 1801
}